,name,stars,price,OriginalPrice,Quality,Rating,Reviews
0,SONY ZV-E10L Mirrorless Camera Interchangeable-lens Vlog Camera,4.4,62990,69990,4k,134,21
1,"Canon EOS 3000D DSLR Camera 1 Camera Body, 18 - 55 mm Lens",4.4,31499,33995,WiFi Available,25682,3824
2,SONY ILCE-6100Y/B IN5 Mirrorless Camera with 16-50 mm & 55-210 mm Zoom Lenses,4.6,78990,89990,UHD 4K,209,34
3,SONY Alpha ILCE-6400L Mirrorless Camera with 16-50mm Power Zoom Lens,4.7,82990,90990,NTSC/PAL,479,70
4,Canon EOS M50 Mark II Mirrorless Camera EF-M15-45mm is STM Lens,4.4,57890,60995,MP4,808,88
5,Canon EOS 1500D DSLR Camera Body+ 18-55 mm IS II Lens,4.5,37990,41995,1080p recording at 30p,14196,1979
6,Canon EOS 200D II DSLR Camera EF-S18-55mm IS STM,4.5,56490,61995,Full HD,4004,602
7,NIKON Z 50 Mirrorless Camera Body with 16-50mm Lens,4.4,74490,85995,UHD 4K,224,33
8,SONY ILCE-7C/SQ IN5 Mirrorless Camera Mirrorless,4.4,137790,167990,4K,14,4
9,SONY Alpha Full Frame ILCE-7M2K/BQ IN5 Mirrorless Camera Body with 28 - 70 mm Lens,4.5,85999,128990,Full HD,670,92
10,SONY ILCE-6100/B IN5 Mirrorless Camera Body Only,4.6,56990,64990,UHD 4K,209,34
11,SONY Alpha 7RM3 Mirrorless Camera Body Only,4.4,178990,232490,"XAVC S, AVCHD",13,1
12,NIKON Z 7 Mirrorless Camera Body with Mount Adapter FTZ,5,229999,241450,Full HD,5,2
13,POZUB High Quality Portable Multi-Purpose Selfie Stick Stand With Dustproof Bag PZB-XT012 Travel Tripo...,3.9,378,398,Max Shutter Speed: 0,56,3
14,Canon EOS 90D DSLR Camera Body with Single Lens 18 - 135 mm IS USM,4.5,124990,136995,4K,97,16
15,SONY ZV-E10 Mirrorless Camera Interchangeable-lens Vlog Camera,4.6,54990,59490,4k,24,4
16,SONY ILCE-6100L/B IN5 Mirrorless Camera With 16-50 mm Power Zoom Lens,4.6,66990,75990,UHD 4K,209,34
17,Canon EOS R10 Mirrorless Camera Body with RF-S 18 - 150 mm f/3.5 - 6.3 IS STM Lens Kit,5,115999,117995,4K,9,2
18,Canon RP Mirrorless Camera Body Only,4.3,83999,87995,4K,21,1
19,Panasonic Lumix DMC-GH4 Mirrorless Camera Body with 12-60mm Lens,4.7,73999,89990,4K at 30fps,12,1
20,NIKON Z 50 Mirrorless Camera Body with 16-50mm & 50-250mm Lenses,4.4,98300,105995,UHD 4K,224,33
21,FUJIFILM X Series X-S10 Mirrorless Camera Body with XF 18 - 55 mm Lens,4.9,125499,134999,4K,17,3
22,FUJIFILM X Series X-T4 Mirrorless Camera Body with XF 16-80mm Lens,4.4,186000,199999,"4K, Full HD",16,3
23,SONY Alpha ILCE-6400M Mirrorless Camera with 18-135mm Zoom Lens,4.7,105990,116490,"4K, FULL HD, HD",177,16
24,POZUB 3 in1 Multi-Purpose Bluetooth Extendable Wireless Remote Selfie Stick Tripod Stand + Dustproof B...,3.8,377,397,Max Shutter Speed: 0,49,5
25,SONY Alpha ILCE-6400L Mirrorless Camera Body with 16-50mm Power Zoom Lens,4.5,127559,,"4K, Full HD, HD",6,2
26,SONY ILCE-7CL/SQ IN5 Mirrorless Camera Mirrorless,4.7,163290,196990,4K,20,3
27,SONY Alpha 7M3K Mirrorless Camera Body with 28 - 70 mm Zoom Lens,4.5,160081,182490,"XAVC S, AVCHD",280,42
28,NIKON Z5 Mirrorless Camera 24-200 mm,4.5,159995,169995,4K UHD,13,2
29,Panasonic G Series DC-G95MGW-K Mirrorless Camera Body with Single Lens: 12-60mm lens,3,88546,94990,4K,2,1
30,NIKON Z50 Mirrorless Camera Nikkor Z DX 18-140 mm f/3.5-6.3 VR,5,109990,125990,3840 x 2160,5,0
31,SONY Alpha 7M3 Mirrorless Camera Body Only,4.5,145990,167990,"XAVC S, AVCHD",280,42
32,FUJIFILM X Series X-S10 Mirrorless Camera Body Only,4.9,93000,99999,4K,17,3
33,SONY Alpha ILCE-7RM4 Mirrorless Camera Body Only,5,248990,321990,NTSC/PAL,3,0
34,POZUB NEW ARRIVAL Best Buy Strong Tripod stand + Dustproof Bag with Clip |Tripod stand for camera||Gim...,4.2,328,,Max Shutter Speed: NA,11,1
35,FUJIFILM X Series X-A7 Mirrorless Camera Body With 15-45 mm Lens,4.3,59999,,4K,436,63
36,POZUB PZB-F42 Buy Hot Selling Tripod stand with Clip BAG |Tripod stand for camera||Gimbal for smartpho...,3.8,328,,Max Shutter Speed: NA,67,2
37,NIKON Z7 II Body Mirrorless Camera with 64GB UHS-II SD Card,5,249995,,H.264/MPEG-4 Advanced Video Coding,3,0
38,POZUB PUB-42WW NEW ARRIVAL Best Buy Strong Tripod stand + Dustproof Bag with Clip |Tripod stand mobile...,3.8,341,,Max Shutter Speed: NA,5,0
39,FUJIFILM X-Series X-E4 Mirrorless Camera Body with Accessories - Metal Hand Grip (MHG-XE4) and Thumb R...,4.8,82999,88999,"4K, Full HD",10,3
40,SONY ILCE-7C/BQ IN5 Mirrorless Camera Mirrorless,4.7,137790,167990,4K,15,2
41,FUJIFILM X-Series X-E4 Mirrorless Camera Body with Accessories - Metal Hand Grip (MHG-XE4) and Thumb R...,4.8,82999,88999,"4K, Full HD",10,3
42,FUJIFILM X Series X-T4 Mirrorless Camera Body with XF 18-55mm Lens,4.4,172000,184999,"4K, Full HD",16,3
43,FUJIFILM X-Series X-E4 Mirrorless Camera Body Only,4.8,74499,79999,"4K, Full HD",10,3
44,FUJIFILM X Series X-T4 Mirrorless Camera Body Only,4.4,144000,154999,"4K, Full HD",16,3
45,SONY ILCE-6600/B IN5 Mirrorless Camera Body Only,4.5,113990,124990,UHD 4K,47,10
46,Canon EOS M50 Mark II Vlogger Kit Mirrorless Camera EF-M 15-45mm Lens,4.4,69999,74295,MP4,808,88
47,NIKON D850 DSLR Camera Body Only,4.4,214721,234950,Full HD,14,1
48,NIKON D750 DSLR Camera Body with Single Lens: 24-120mm VR Lens,4.4,163754,164950,Full HD,124,33
49,FUJIFILM X Series X-T4 Mirrorless Camera Body with XF 18-55mm Lens,4.4,172000,184999,"4K, Full HD",16,3
50,NIKON Z5 Mirrorless Camera 24-70 mm,4.2,156990,156995,4K UHD,15,0
51,NIKON D850 DSLR Camera 24-120 mm VR Lens,4.4,271950,,4K at 30p+1080p at 120p+Time-Lapse,14,1
52,NIKON Z FC Mirrorless Camera DSLR Camera with DX 16-50mm f/3.5-6.3 VR,5,97995,,"MOV, MP4",2,1
53,POZUB New Arrival 3in1 Selfie Stick Stand With Dustproof Bag PZB-XT012 Travel Tripod Stand Flexible Ha...,4.1,376,396,Max Shutter Speed: 0,70,5
54,FUJIFILM X Series X-T4 Mirrorless Camera Body with XF 16-80mm Lens,4.4,186000,199999,"4K, Full HD",16,3
55,Canon EOS 7D Mark II DSLR Camera (Body only),4.1,99999,124995,2 Years Canon India Warranty and Free Transit Insurance,20,6
56,POZUB strong Tripod stand + Dustproof Bag with Clip |Tripod stand for camera||Gimbal for smartphone|mo...,3.1,328,,Max Shutter Speed: NA,8,1
57,SONY ILCE-7SM3/BQ IN5 Mirrorless Camera Mirrorless,4.2,296990,334990,4K,12,1
58,NIKON Z30 Mirrorless Camera Z DX 16 - 50 mm f/3.5 - 6.3 VR & Nikkor Z DX 50 - 250 mm f/4.5 - 6.3 VR Le...,3.3,90999,94495,4K UHD,4,0
59,NIKON Z30 Mirrorless Camera Z DX 16 - 50 mm f/3.5 - 6.3 VR Lens,3.3,70999,73495,4K UHD,4,0
60,SONY ILCE-7M4K/BQIN5 Mirrorless Camera Single Lens: 28-70 mm,4.2,230990,262490,4K,37,10
61,SONY ILCE-7M4/BQ IN5 Mirrorless Camera Body Only,4.2,213490,242490,4K,37,10
62,FUJIFILM X-T3 Mirrorless Camera Body with 16-80 Lens Kit,4.2,157999,169999,4K (3840 x 2160) & FULL HD (1920 x 1080),5,0
63,FUJIFILM X-T3 Mirrorless Camera Body with 16-80 Lens Kit,4.2,157999,169999,4K (3840 x 2160) & FULL HD (1920 x 1080),5,0
64,NIKON Z30 Mirrorless Camera Z DX 18 - 140 mm f/3.5 - 6.3 VR Lens,3.3,98140,112890,4K UHD,4,0
65,FUJIFILM X Series X-T4 Mirrorless Camera Body Only,4.4,144000,154999,"4K, Full HD",16,3
66,POZUB Best Buy 3in1 Stand Selfie Stick With Dustproof Bag Travel Tripod Stand PZB-XT012 Flexible Handh...,3.5,377,397,Max Shutter Speed: 0,11,2
67,NIKON Z 6 Mirrorless Camera Body Only,4.2,135999,136450,Full HD,22,2
68,Canon EOS 6D Mark II DSLR Camera Body with Single Lens: EF24-105mm f/4L IS II USM,4.5,172546,196995,2 Year Warranty (1 year standard warranty + 1 year additional warranty from the date of purchase made by the customer.),44,2
69,NIKON Z 6 Mirrorless Camera Body + 24-70mm Lens,4.2,177000,177950,Full HD,22,2
70,NIKON Z30 Mirrorless Camera Body only,3.3,57999,59895,4K UHD,4,0
71,NIKON Z 6 Mirrorless Camera Body with Mount Adapter FTZ,4.2,147450,167450,Full HD,22,2
72,Canon EOS 5D Mark IV DSLR Camera Body with Single Lens:EF 24-105mm f/4L IS II USM Lens,3.8,267040,313995,4K at 30p + 4K Frame Grab,31,8
73,NIKON D5600 DSLR Camera Body with Dual Lens: AF-P DX Nikkor 18 - 55 MM F/3.5-5.6G VR and 70-300 MM F/4...,4.6,65990,66750,1080p recording upto 60p,10811,1725
74,NIKON Z5 Mirrorless Camera Z 5 Body,5,105995,111995,4K UHD,5,1
75,Canon EOS 80D DSLR Camera Body with 18-135 mm Lens,4.5,92999,111995,1080p at 60p + Time-Lapse,747,118
76,NIKON Z6 II Body Mirrorless Camera with 64GB SD Card,4,164995,,H.264/MPEG-4 Advanced Video Coding,11,1
